{"cameraMode":{"drawMode":0,"name":"Shaded","section":"Shading Mode"},"sceneLighting":false,"audioPlay":false,"sceneViewState":{"showFog":true,"showMaterialUpdate":false,"showSkybox":true,"showFlares":true,"showImageEffects":true,"showParticleSystems":true},"in2DMode":false,"pivot":{"x":-12.987282752990723,"y":-2.8722856044769289,"z":2.0980098247528078},"rotation":{"x":0.6255637407302856,"y":0.008191372267901898,"z":-0.006568677257746458,"w":0.7801023721694946},"size":38.847015380859378,"orthographic":false}